Gene,Sequence,Strand,PAM,On Score
coaD,TTAGAAAAGGGAGAATAGCA,+,TGG,48
coaD,CATACAATAGCGGTCATTCC,+,GGG,43
coaD,GTTTAGTTTAGAAGAGCGTA,+,TGG,42
coaD,ACATACAATAGCGGTCATTC,+,CGG,40
coaD,CTTAAAAATAGTAAAAAAGA,+,AGG,37
dnapoly,ATAAAAATAGCGTGTGCTGG,-,AGG,47
dnapoly,TTTTAGTGGTCCGAGAGGTA,+,CGG,46
dnapoly,TGTGCCCTAGAAATGATTGT,-,TGG,46
dnapoly,ATGGATCAGGCTATTGCATT,+,TGG,46
dnapoly,TATATTTTTAGTGGTCCGAG,+,AGG,46
dnaprim,ATGTTTGATGGGGATTTTGC,-,GGG,50
dnaprim,TTTTGAAAGATAGGTGTTTC,+,AGG,50
dnaprim,AATGCGCAAGGAAGAATTGT,-,TGG,48
dnaprim,ATTGCCATCAGGCATGGATC,-,CGG,47
dnaprim,TATTATCCAGAAGATGAGTA,-,TGG,45
dnaA,TTTTTCATGAGCATGAATGA,-,CGG,51
dnaA,AACTCGCTGCATGTGGAAAG,-,CGG,47
dnaA,TTATTTATCTATGGAGGTGT,+,TGG,47
dnaA,ATCTATGGAGGTGTTGGTTT,+,AGG,46
dnaA,TGCATGTGGAAAGCGGTTAC,-,CGG,45
dnaJ,TCTGACTTTGGCGGTTTTAG,-,TGG,50
dnaJ,TGCGAAACATGTCATGGTGA,-,TGG,49
dnaJ,GGCGTGAATGGAGGACCTGC,-,TGG,48
dnaJ,GGCGGTTTTAGTGGCTTCGG,-,TGG,48
dnaJ,GGCTCTCCAGGCGTGAATGG,-,AGG,47
fabF,TTTGTTATGGGTGAAGGTGC,+,TGG,57
fabF,TATGCTGAGATAGTTGGCTA,+,TGG,50
fabF,CCAGCTCCAGAAGGTGAAGG,+,TGG,49
fabF,TATGCAATGAGTAATAGCTT,+,AGG,48
fabF,TGGTTCTGGTATCGGTGGTA,+,TGG,48
ftsA,TGTCAGGAGGTGCCTATCTA,+,TGG,48
ftsA,CTAAATTAGGCGGATTTGAT,+,TGG,47
ftsA,TACTACGTAAGTATTGATAT,+,TGG,46
ftsA,AATGGTGGGTTTATTGTAAC,+,TGG,43
ftsA,CATTCATTAAAGGTTGAAGC,+,AGG,42
fusA,TCTCGTCGTGGACGTGTTGA,+,TGG,55
fusA,CTTCTTCAGGGTTGCTAGCA,-,CGG,52
fusA,CAGTGTGTGCATGGAATGTT,-,GGG,50
fusA,GGTTTAACGTCTAGTGGTGA,-,AGG,49
fusA,GAGTACATGGGTGATATCAT,+,GGG,48
glnA,GTTGACCAGGGGCAACTTCA,-,TGG,49
glnA,AGAATTCTGGTTCAGGTCCT,-,AGG,48
glnA,TTCCCATGGACTGCTGGACA,+,AGG,46
glnA,AATGCAGTATAAAGTGTTGA,-,AGG,46
glnA,AGTCACCATGAAGTTGCCCC,+,TGG,45
gmk,ATGCGTGAAGGTGAAGTTGA,+,TGG,52
gmk,CTTAGAGAGGTCGTAAGGCA,+,TGG,45
gmk,TCTCTCAAGTGTTCTAAACT,-,TGG,43
gmk,ATAGAATATGCTGAATATGT,+,AGG,42
gmk,TTATCAGGACCATCTGGAGT,+,AGG,41
groL,CCTAACATGGGTGGCATGCC,-,AGG,55
groL,GTTGAAGAAGGTATTGTTGC,-,AGG,52
groL,ACTGAACTAGAAGTGGTTGA,-,AGG,50
groL,AAAAACGCAGAGCCGGGTGT,-,TGG,48
groL,CCTGGCATGCCACCCATGTT,+,AGG,48
gyrB,GTAAAAGAGCGCGGTGCTCA,-,GGG,53
gyrB,AGTCGAAGGGGACTCTGCCG,+,GGG,50
gyrB,TTACATGCTGGTGGTAAATT,+,TGG,49
gyrB,AAAGTATCTGGTGGTTTACA,+,TGG,49
gyrB,CATGCTGGTGGTAAATTTGG,+,CGG,48
murB,ATCCGTGAAGGTGGTATTCG,-,CGG,52
murB,AGACCGCCTGGTCATTTTGC,-,AGG,50
murB,GAATTTGCATGTGGTATTCC,-,AGG,46
murB,GGTATTCCAGGTTCAATTGG,-,TGG,45
murB,GGTGCAGTGTATATGAATGC,-,TGG,45
nrdI,CAGCTAGCGGTAATCGAAAT,+,TGG,45
nrdI,ATCAGAGGTGTGGCAGCTAG,+,CGG,42
nrdI,AGCTAGCGGTAATCGAAATT,+,GGG,42
nrdI,ATAATAAACGGTTCATGAAC,-,TGG,40
nrdI,TCATCAATACATCAGAGGTG,+,TGG,40
protein YvcK,ACGATTGAGGTGTTTGACCT,-,TGG,44
protein YvcK,GGTATTCTAGCTGGAGGTAT,+,AGG,43
protein YvcK,TACGCTGGTATTCTAGCTGG,+,AGG,42
protein YvcK,AAATACGCTGGTATTCTAGC,+,TGG,41
protein YvcK,GTGCGTAATGAAATGTACCA,+,AGG,40
prsA,AACATTGTTGGTGAGATTGA,+,AGG,50
prsA,CGTGTAACGCCGCCATGGTC,-,TGG,49
prsA,AGATTCACAGGATATGATGT,-,TGG,49
prsA,AGTGATTGGCTCACGGCTAC,-,GGG,48
prsA,CAGTGATTGGCTCACGGCTA,-,CGG,48
riboZ,AAGAAAAGGAGGGGCATATA,-,TGG,52
riboZ,TGGCTTTTCGACGTTGGTGA,-,AGG,49
riboZ,ACATTTTTTGGAACGAGTGC,-,AGG,48
riboZ,AAAAACATTGGTCTTGAACC,-,AGG,47
riboZ,ATGGCTATGATGATAATTGT,+,TGG,46
riboL11,GCTGGACCAACTGGTGGTGC,-,TGG,50
riboL11,GCAGCTATGCGTATTATCGA,+,AGG,46
riboL11,CCACCAGTTGGTCCAGCATT,+,AGG,46
riboL11,CCTAATGCTGGACCAACTGG,-,TGG,44
riboL11,TATCAAGGAGGTGCACATCG,+,TGG,44
rpoB,GTTTTGGTGAGATGGAGGTA,+,TGG,50
rpoB,ACACCTGAGGGACCAAACAT,+,TGG,48
rpoB,ACAGTATTGTTACGTGCATT,+,AGG,48
rpoB,TCAACAGTTGGTGGTTCACC,-,TGG,47
rpoB,AATCCAATGTTTGGTCCCTC,-,AGG,47
secA,AATGCCAGGCCGTCGTTTCT,+,CGG,51
secA,GCTGAGATGAGAACAGGTGA,+,AGG,50
secA,CGTGAAGCTGAAATTGTTGC,+,AGG,48
secA,GTAGACTATATGGTTGTTGA,+,TGG,48
secA,AATAAACTTGCGGGTATGAC,+,AGG,47
serS,ATTTTATGTACAGGTGATAT,+,TGG,46
serS,GGATGTTAGCACGACGCGCT,-,TGG,45
serS,AAACATATGATTTAGAAGTT,+,TGG,44
serS,TAGTTCATGCTCAAACTGTA,+,CGG,42
serS,GCATGTTTCCGTAGTGAAGC,+,AGG,42
teich acid,TTAATATGGGGTGTGAAAAA,+,AGG,44
teich acid,GTTTGTAAGTACGTCGTTCG,-,CGG,44
teich acid,CGATGCCAAGAGCGAAAGCG,+,TGG,43
teich acid,TGTTAGTCGAGATAAGATTT,+,TGG,42
teich acid,CATATGGTACATTGTGCTGT,-,TGG,42
tmk,GCTTATCAAGGTTATGCTAG,+,AGG,46
tmk,TTAAATGTTAGTGCTGAAGT,+,AGG,46
tmk,ATAACTTTTGAGGGCCCAGA,+,AGG,44
tmk,CTTATCAAGGTTATGCTAGA,+,GGG,42
tmk,GAACCAGGTGGTGTTCCTAC,+,TGG,42
trans protein,ATTGTGACGCGTAGAGGCGT,+,TGG,52
trans protein,TTACTTTGGCGATGTACGTA,+,CGG,48
trans protein,ACCTCTACTCATGTTGTTGG,-,AGG,46
trans protein,TCGACCTCTACTCATGTTGT,-,TGG,44
trans protein,ACAATATATTCAGGATGTGA,-,CGG,44
trxB,ATGATTGAAAGAGGTATTCC,+,AGG,46
trxB,TACAAGAAAATTGGTGTTCC,+,GGG,46
trxB,ATTGTCACTGCTACTGGCGA,+,TGG,45
trxB,AGTTATTGTGCAGTATGTGA,+,TGG,44
trxB,AATGAAAAAGACGGCAAAGT,+,GGG,44
